Timestamp,Temperature,Vibration,Status
2026-01-01 00:00:00,53.91831440662101,1.5572264295381366,0
2026-01-01 01:00:00,51.19330358768491,1.0193836083534693,0
2026-01-01 02:00:00,48.44096253997047,2.4417637761891036,0
2026-01-01 03:00:00,40.56533443200461,3.8467171324229597,0
2026-01-01 04:00:00,51.832408697142654,2.078447357291277,0
2026-01-01 05:00:00,56.97176870301346,3.217846883790314,0
2026-01-01 06:00:00,59.25331377886752,2.4903136845230582,0
2026-01-01 07:00:00,64.24424390754953,3.8856003540297963,0
2026-01-01 08:00:00,59.49301730286459,1.7223629475525994,0
2026-01-01 09:00:00,55.23492345065924,3.3983618224792354,0
2026-01-01 10:00:00,50.85108585397457,2.2102233055701017,0
2026-01-01 11:00:00,58.00554243950511,3.0733986157622706,0
2026-01-01 12:00:00,55.99147899641513,3.038864738592996,0
2026-01-01 13:00:00,45.88999604757004,3.23687434407565,0
2026-01-01 14:00:00,61.50507750607726,2.8280158932195967,0
2026-01-01 15:00:00,64.66685540459078,1.1596787314826082,0
2026-01-01 16:00:00,69.12905688301629,2.20962216599394,0
2026-01-01 17:00:00,51.525205088931294,1.670188800472379,0
2026-01-01 18:00:00,66.86893593806718,2.7038001452422247,0
2026-01-01 19:00:00,60.52010534892601,2.9124350884530337,0
2026-01-01 20:00:00,49.02246861483917,1.9175300152110815,0
2026-01-01 21:00:00,57.08437804636593,3.8107434132422306,0
2026-01-01 22:00:00,53.691142471407666,3.8153833130669472,0
2026-01-01 23:00:00,45.786851240787875,3.5488925064393886,0
2026-01-02 00:00:00,67.9058462437124,3.449601255508922,0
2026-01-02 01:00:00,61.62406042522662,3.026510999318562,0
2026-01-02 02:00:00,41.09889579378131,3.2782492938623333,0
2026-01-02 03:00:00,62.38109232442268,3.461611001398448,0
2026-01-02 04:00:00,45.62038012830355,1.5903993836709116,0
2026-01-02 05:00:00,62.8628301781504,1.719140671623787,0
2026-01-02 06:00:00,65.26068754487528,1.3346434012031834,0
2026-01-02 07:00:00,58.2941933344961,1.3496735315699497,0
2026-01-02 08:00:00,42.29027091992028,3.20582408506112,0
2026-01-02 09:00:00,50.04340760740064,2.124025220534027,0
2026-01-02 10:00:00,48.32166368752129,1.6363765805658996,0
2026-01-02 11:00:00,61.60659774652281,1.780021626761628,0
2026-01-02 12:00:00,48.42423603552351,1.8158391878822566,0
2026-01-02 13:00:00,66.42710308061955,2.803050875424402,0
2026-01-02 14:00:00,47.82260427469537,1.530646029116212,0
2026-01-02 15:00:00,44.122605412295584,2.283547874907743,0
2026-01-02 16:00:00,64.88697018787809,3.1006433268992257,0
2026-01-02 17:00:00,62.39526234861397,1.467488282623981,0
2026-01-02 18:00:00,60.872293545122425,1.6726486178471536,0
2026-01-02 19:00:00,45.717076356434994,1.682559636045129,0
2026-01-02 20:00:00,40.9283588907941,2.750990843487739,0
2026-01-02 21:00:00,51.277534778799776,2.1771899994367976,0
2026-01-02 22:00:00,47.30555963877417,2.4274028595570654,0
2026-01-02 23:00:00,67.78092686361924,1.265551531160909,0
2026-01-03 00:00:00,65.91635049560941,2.152732815117692,0
2026-01-03 01:00:00,42.82462067627921,2.218668340101631,0
2026-01-03 02:00:00,62.684760800257386,3.821842771380467,0
2026-01-03 03:00:00,61.17882652219794,1.810329583502361,0
2026-01-03 04:00:00,51.8176934341562,2.5747069391067217,0
2026-01-03 05:00:00,49.55839973108005,2.536758859462726,0
2026-01-03 06:00:00,57.488740824134034,2.350764382078186,0
2026-01-03 07:00:00,50.36382789526685,3.6085195793844234,0
2026-01-03 08:00:00,62.635148306536344,2.3162606676161874,0
2026-01-03 09:00:00,40.261956763711275,3.782102766959038,0
2026-01-03 10:00:00,57.37121878980943,2.818929209063395,0
2026-01-03 11:00:00,52.04505051863153,1.4842295299030464,0
2026-01-03 12:00:00,47.371014281116175,3.7064249108897127,0
2026-01-03 13:00:00,54.752204546817964,3.4696047395689567,0
2026-01-03 14:00:00,52.11665286153983,3.301947148068205,0
2026-01-03 15:00:00,62.32960730913583,1.5982903326279885,0
2026-01-03 16:00:00,56.792901558622674,1.6745552357103726,0
2026-01-03 17:00:00,53.592187947449716,1.337970341627822,0
2026-01-03 18:00:00,60.20455526450063,3.8129642990308987,0
2026-01-03 19:00:00,59.569570997549135,2.666533841891366,0
2026-01-03 20:00:00,66.71932714726407,2.1487514537584165,0
2026-01-03 21:00:00,58.758187690236824,3.8635867284452963,0
2026-01-03 22:00:00,64.7378850521579,3.1041783397222167,0
2026-01-03 23:00:00,44.90970587783825,1.06984162588498,0
2026-01-04 00:00:00,52.77368441183802,2.9063856300086424,0
2026-01-04 01:00:00,46.75091206314692,3.987850036723838,0
2026-01-04 02:00:00,53.44655037940894,1.107114594154298,0
2026-01-04 03:00:00,45.761484777650764,2.4766105281410464,0
2026-01-04 04:00:00,40.776105250275776,2.74864667719199,0
2026-01-04 05:00:00,56.283443678522076,1.1617191984753203,0
2026-01-04 06:00:00,51.88278944150365,2.1577169243231724,0
2026-01-04 07:00:00,49.61989544081801,1.0284088610542998,0
2026-01-04 08:00:00,45.07496816823745,1.0437578554886184,0
2026-01-04 09:00:00,60.80194063989186,3.87454102957641,0
2026-01-04 10:00:00,55.494664121185664,2.938740384399696,0
2026-01-04 11:00:00,61.09299868630214,1.6770183866422548,0
2026-01-04 12:00:00,42.94230161476551,1.4911291328261758,0
2026-01-04 13:00:00,54.58783173487616,3.208894606319533,0
2026-01-04 14:00:00,54.13296463052959,2.2267117941390073,0
2026-01-04 15:00:00,59.93760644966626,1.0674711047285597,0
2026-01-04 16:00:00,49.11187026076968,3.461012429094522,0
2026-01-04 17:00:00,57.807722202481344,3.7300441956467782,0
2026-01-04 18:00:00,48.90637218558068,2.5197196314764643,0
2026-01-04 19:00:00,42.85230794789435,1.7609657969631356,0
2026-01-04 20:00:00,57.16623671473212,2.262139902249263,0
2026-01-04 21:00:00,66.83513615409939,3.6752319839591876,0
2026-01-04 22:00:00,56.580312331046585,2.332488024580517,0
2026-01-04 23:00:00,46.46885358623137,3.6699055469426938,0
2026-01-05 00:00:00,51.65643457937599,2.788682086725008,0
2026-01-05 01:00:00,68.31120373743741,1.6986518727227389,0
2026-01-05 02:00:00,46.93880705949084,1.9706306983833448,0
2026-01-05 03:00:00,56.3598575561646,2.896334211351009,0
2026-01-05 04:00:00,66.13171145333725,3.0778144983694355,0
2026-01-05 05:00:00,60.01062240318341,1.3344357683977675,0
2026-01-05 06:00:00,66.13988854699684,2.541694774105946,0
2026-01-05 07:00:00,64.01878793348071,1.8473395753212798,0
2026-01-05 08:00:00,63.515285298091534,3.1996544182390165,0
2026-01-05 09:00:00,53.19605707146243,3.49164299425723,0
2026-01-05 10:00:00,47.508817998420355,2.017072189837921,0
2026-01-05 11:00:00,42.76593150329866,2.60820088438277,0
2026-01-05 12:00:00,50.213979747484515,3.12665110924638,0
2026-01-05 13:00:00,48.80526993157905,2.894447585737745,0
2026-01-05 14:00:00,43.611759320952416,2.1168127484630865,0
2026-01-05 15:00:00,44.319995134055254,2.483801322068464,0
2026-01-05 16:00:00,66.11996690037986,3.650606754239305,0
2026-01-05 17:00:00,49.85617322454122,1.1282337667089224,0
2026-01-05 18:00:00,59.69752090220201,1.6099820216777325,0
2026-01-05 19:00:00,69.86173627661975,3.048843973576029,0
2026-01-05 20:00:00,44.2462395064496,2.7661269649272087,0
2026-01-05 21:00:00,42.3160910060586,1.1633720713710305,0
2026-01-05 22:00:00,63.69883054446328,2.3185950345577435,0
2026-01-05 23:00:00,63.28420482278752,2.366689236219152,0
2026-01-06 00:00:00,51.8447471204643,1.8315854665995848,0
2026-01-06 01:00:00,59.4060195247262,3.790077823785174,0
2026-01-06 02:00:00,68.22223478900351,1.6561428629115222,0
2026-01-06 03:00:00,48.66699364837035,2.137636047199896,0
2026-01-06 04:00:00,53.28251951692208,1.3850114101704847,0
2026-01-06 05:00:00,58.03499794779262,1.8635897790331981,0
2026-01-06 06:00:00,41.47950647083333,1.9084351717111827,0
2026-01-06 07:00:00,57.310665661903414,2.6500608892197874,0
2026-01-06 08:00:00,49.38996064298286,3.2398317488211306,0
2026-01-06 09:00:00,47.41334899935099,3.5109988379457597,0
2026-01-06 10:00:00,62.88737718208186,3.5601195552495337,0
2026-01-06 11:00:00,41.42647993818269,3.198936309682242,0
2026-01-06 12:00:00,56.354522888207235,3.2917658163793586,0
2026-01-06 13:00:00,69.41513339958937,3.9172367111368462,0
2026-01-06 14:00:00,50.94124103447368,2.443427467953824,0
2026-01-06 15:00:00,59.394154236859336,3.3010689871042724,0
2026-01-06 16:00:00,59.8114225628691,2.009072116500046,0
2026-01-06 17:00:00,65.16791738782435,3.816517499711704,0
2026-01-06 18:00:00,59.84858937935769,3.8843749170923445,0
2026-01-06 19:00:00,51.543268914081196,2.0992302945214067,0
2026-01-06 20:00:00,67.38463366794937,2.582965943441119,0
2026-01-06 21:00:00,61.96318018406852,3.9255406765043532,0
2026-01-06 22:00:00,56.889169546234285,2.4154534184806917,0
2026-01-06 23:00:00,48.2553574607628,1.7410103108666979,0
2026-01-07 00:00:00,68.30225413067456,3.7411028963641604,0
2026-01-07 01:00:00,67.0641650167075,3.8177083685060826,0
2026-01-07 02:00:00,69.98857647299954,1.891106342631154,0
2026-01-07 03:00:00,44.20188251126113,3.808360195384654,0
2026-01-07 04:00:00,43.90112074054643,1.1259168047282118,0
2026-01-07 05:00:00,46.78861752526356,3.460814953609573,0
2026-01-07 06:00:00,49.39862565880338,1.4610946717648505,0
2026-01-07 07:00:00,58.01698694418194,3.8021578648132333,0
2026-01-07 08:00:00,52.256869426205974,1.660747763313173,0
2026-01-07 09:00:00,68.4153651136204,1.82227461408216,0
2026-01-07 10:00:00,55.75751988022243,3.8617276597461476,0
2026-01-07 11:00:00,44.68608079623665,1.2323765150022075,0
2026-01-07 12:00:00,49.73499547702109,3.23455295035011,0
2026-01-07 13:00:00,47.64966917337114,1.2814968855389925,0
2026-01-07 14:00:00,43.75580211625385,1.85929282623977,0
2026-01-07 15:00:00,59.422655912142844,2.665352949365305,0
2026-01-07 16:00:00,56.670509386175326,3.60865091106122,0
2026-01-07 17:00:00,57.65015784832653,3.057558094016898,0
2026-01-07 18:00:00,66.68354029975774,3.3396286497631578,0
2026-01-07 19:00:00,55.67964388531822,3.668032440381108,0
2026-01-07 20:00:00,62.907259293232634,1.6988199831531379,0
2026-01-07 21:00:00,58.81002446164878,3.689818327971565,0
2026-01-07 22:00:00,64.8409364434317,2.540922883854219,0
2026-01-07 23:00:00,46.03822431104132,2.2059119137969985,0
2026-01-08 00:00:00,43.6887710593713,1.6840983928664692,0
2026-01-08 01:00:00,45.057081972411794,2.2002806689398495,0
2026-01-08 02:00:00,66.39888793761735,1.0857222561293765,0
2026-01-08 03:00:00,43.633308588066605,2.7220751356196202,0
2026-01-08 04:00:00,47.19180162072203,3.5760665892656402,0
2026-01-08 05:00:00,57.52188724253148,2.209383075197897,0
2026-01-08 06:00:00,51.56902222073484,3.3055756328056165,0
2026-01-08 07:00:00,40.82738189506263,2.7191148485619916,0
2026-01-08 08:00:00,52.05149212722648,3.764436197513992,0
2026-01-08 09:00:00,49.48637298690773,1.6606652891136373,0
2026-01-08 10:00:00,47.65674529604442,3.1329073021199267,0
2026-01-08 11:00:00,58.07479086058038,2.5772018520904934,0
2026-01-08 12:00:00,51.64587106200227,2.1790811344861094,0
2026-01-08 13:00:00,47.47519011681452,2.8133991197629085,0
2026-01-08 14:00:00,49.63008123826045,2.5489157283058335,0
2026-01-08 15:00:00,43.61653421400446,3.707637492084205,0
2026-01-08 16:00:00,49.09370837814684,1.6816560399880238,0
2026-01-08 17:00:00,65.6905612742357,3.926884851430673,0
2026-01-08 18:00:00,51.625914517332916,2.6784719986044445,0
2026-01-08 19:00:00,54.19905625012596,1.3146474708016243,0
2026-01-08 20:00:00,47.26758121056329,1.5164330288729801,0
2026-01-08 21:00:00,55.67445989052448,2.843052229571262,0
2026-01-08 22:00:00,62.65546640076031,2.9281712469816137,0
2026-01-08 23:00:00,60.951823534479615,1.672912189094156,0
2026-01-09 00:00:00,46.82317461809179,1.8381636601034415,0
2026-01-09 01:00:00,65.32044877385944,3.7861755535922486,0
2026-01-09 02:00:00,52.0426470654688,1.7098314338518459,0
2026-01-09 03:00:00,57.40456739885131,2.5931836051119146,0
2026-01-09 04:00:00,40.72277101193406,3.599855506986028,0
2026-01-09 05:00:00,68.86955187713663,1.4031481684930815,0
2026-01-09 06:00:00,41.15875235578426,2.1800752279969937,0
2026-01-09 07:00:00,60.0740749825152,1.6819906952154666,0
2026-01-09 08:00:00,57.08908131407358,3.732885837917856,0
2026-01-09 09:00:00,69.22978494417413,3.5457807004347566,0
2026-01-09 10:00:00,49.91318129284697,3.438413719548836,0
2026-01-09 11:00:00,41.25309460606487,2.073461263095553,0
2026-01-09 12:00:00,66.41081917181232,2.6396980803632495,0
2026-01-09 13:00:00,57.470771856227685,1.8316004852355368,0
2026-01-09 14:00:00,50.129537993223096,2.8084584804123565,0
2026-01-09 15:00:00,52.55931563815385,1.9675831281562721,0
2026-01-09 16:00:00,52.23079262931442,2.0791445582908596,0
2026-01-09 17:00:00,46.34144946820307,2.884957688203497,0
2026-01-09 18:00:00,67.34099597120768,2.0360844507511877,0
2026-01-09 19:00:00,54.28108246188433,3.3199000280961783,0
2026-01-09 20:00:00,54.06229307069105,3.2082091400000783,0
2026-01-09 21:00:00,62.333706518416435,3.987542621922208,0
2026-01-09 22:00:00,53.87546742741504,3.013015950850063,0
2026-01-09 23:00:00,48.476457013573764,2.374244774302803,0
2026-01-10 00:00:00,56.552074461886804,3.9619223727519097,0
2026-01-10 01:00:00,68.44317501424999,1.9278167004194007,0
2026-01-10 02:00:00,55.135707163328085,2.8171296734753892,0
2026-01-10 03:00:00,54.315116012260525,1.3303131322936395,0
2026-01-10 04:00:00,49.3679062927113,1.6772467979004535,0
2026-01-10 05:00:00,52.9608247955053,3.582345787852692,0
2026-01-10 06:00:00,67.91515838201971,3.767174153243932,0
2026-01-10 07:00:00,56.72658229176993,3.26452786409687,0
2026-01-10 08:00:00,47.7372953606398,3.2646418742302687,0
2026-01-10 09:00:00,56.08164689105628,1.975813973988858,0
2026-01-10 10:00:00,62.85470867448366,1.4230267862796564,0
2026-01-10 11:00:00,51.191370845642226,1.4503861151911899,0
2026-01-10 12:00:00,48.273848121628276,1.0193358759342948,0
2026-01-10 13:00:00,51.7868017847469,2.9564833222976485,0
2026-01-10 14:00:00,63.344556200292836,1.2513679610126989,0
2026-01-10 15:00:00,57.62146745530367,3.6831001393665934,0
2026-01-10 16:00:00,63.087258308252686,3.2674330056399805,0
2026-01-10 17:00:00,57.18243055568176,1.1102282257670708,0
2026-01-10 18:00:00,68.11617265143829,1.4498677086681844,0
2026-01-10 19:00:00,66.39904822546004,2.663834947818678,0
2026-01-10 20:00:00,41.49159924023877,3.0481717915487767,0
2026-01-10 21:00:00,61.497589613062075,3.2590325032692293,0
2026-01-10 22:00:00,50.24961465464,2.9932326916611993,0
2026-01-10 23:00:00,45.60516652671488,1.3935147957812912,0
2026-01-11 00:00:00,43.224548471590566,2.8067823408534087,0
2026-01-11 01:00:00,68.29967663096186,3.2014656109708852,0
2026-01-11 02:00:00,67.16813132722157,3.5962405457117104,0
2026-01-11 03:00:00,52.73333493635506,1.9130492528534515,0
2026-01-11 04:00:00,53.05352058715967,3.120917499969568,0
2026-01-11 05:00:00,41.206994762615594,1.8493849826292401,0
2026-01-11 06:00:00,65.93084375443188,3.8504962582958258,0
2026-01-11 07:00:00,52.08235496860968,2.0058071480212467,0
2026-01-11 08:00:00,68.35078958125358,2.5019447582323298,0
2026-01-11 09:00:00,66.08377976832638,1.320300855071829,0
2026-01-11 10:00:00,51.35700148546436,2.0814203643959575,0
2026-01-11 11:00:00,63.248989957310776,1.785182524392865,0
2026-01-11 12:00:00,62.85619382338594,3.146098795772544,0
2026-01-11 13:00:00,67.49561901789195,2.285279825437951,0
2026-01-11 14:00:00,65.26493094928608,3.5617333490067535,0
2026-01-11 15:00:00,51.72112868316793,2.7605852798204515,0
2026-01-11 16:00:00,49.952344063362474,2.164278114381863,0
2026-01-11 17:00:00,45.48902476170946,1.3129447406894281,0
2026-01-11 18:00:00,69.17819328259353,3.819152440242508,0
2026-01-11 19:00:00,62.488344080503126,1.034294941807073,0
2026-01-11 20:00:00,64.86067565990311,1.164597936440011,0
2026-01-11 21:00:00,48.735235809328636,2.0182389005957333,0
2026-01-11 22:00:00,45.0658277269997,2.489733314856336,0
2026-01-11 23:00:00,56.0786214779355,2.74888656057735,0
2026-01-12 00:00:00,53.47387088554858,1.271482352295002,0
2026-01-12 01:00:00,46.22865842506996,2.5748594169492494,0
2026-01-12 02:00:00,65.88635889588276,2.77960113007624,0
2026-01-12 03:00:00,42.54123135173121,3.4613304779388243,0
2026-01-12 04:00:00,55.0234260436548,1.5861154841220213,0
2026-01-12 05:00:00,51.77760634403967,1.8682030325870569,0
2026-01-12 06:00:00,69.2135994888674,1.2859839586947652,0
2026-01-12 07:00:00,52.9656386831214,1.779879745678422,0
2026-01-12 08:00:00,53.95726243815976,2.2208716703177296,0
2026-01-12 09:00:00,45.05890838665674,2.9353825210838984,0
2026-01-12 10:00:00,60.375079021193315,2.456775677147623,0
2026-01-12 11:00:00,63.791642589351085,3.1512884356453466,0
2026-01-12 12:00:00,43.021142404033874,3.760984633338538,0
2026-01-12 13:00:00,55.04546111109775,2.021153783579078,0
2026-01-12 14:00:00,62.69634690344088,3.2277778556675707,0
2026-01-12 15:00:00,55.06242849900936,1.4023449456932555,0
2026-01-12 16:00:00,69.30520258015868,3.20866467819412,0
2026-01-12 17:00:00,62.589056162143216,3.320172346810888,0
2026-01-12 18:00:00,46.08707078874614,1.9131324347860763,0
2026-01-12 19:00:00,58.713374992724596,3.7940010771690993,0
2026-01-12 20:00:00,50.99203417014078,1.8255274987409187,0
2026-01-12 21:00:00,40.96301586377397,2.074612528569574,0
2026-01-12 22:00:00,52.66395369445732,3.7922536644501643,0
2026-01-12 23:00:00,67.3505680461129,2.5666907215750827,0
2026-01-13 00:00:00,46.792032806150914,1.5380679493237437,0
2026-01-13 01:00:00,59.67606171354952,2.9138293143018488,0
2026-01-13 02:00:00,41.710455432757705,2.806728406963769,0
2026-01-13 03:00:00,51.34870579769651,2.6131114049541893,0
2026-01-13 04:00:00,40.4292626750102,2.7627573014006237,0
2026-01-13 05:00:00,58.80790134469869,1.4558425972102402,0
2026-01-13 06:00:00,49.94524436058752,2.254348979341379,0
2026-01-13 07:00:00,45.70573297908275,1.4318797851688476,0
2026-01-13 08:00:00,51.22681174973768,2.9599581823361065,0
2026-01-13 09:00:00,56.66160747385827,3.91519652562133,0
2026-01-13 10:00:00,61.9778336153684,1.9071291753378976,0
2026-01-13 11:00:00,46.41717236947595,2.8849750994994707,0
2026-01-13 12:00:00,63.134448826464194,3.571009104504354,0
2026-01-13 13:00:00,41.46408200381331,3.1255943463684113,0
2026-01-13 14:00:00,43.026408157655226,1.0878080138713333,0
2026-01-13 15:00:00,69.68786983586666,3.2280962805534297,0
2026-01-13 16:00:00,63.335733262380884,3.827341568542349,0
2026-01-13 17:00:00,46.7311797909682,1.9002793366503041,0
2026-01-13 18:00:00,61.1900264853496,2.6762261971496644,0
2026-01-13 19:00:00,48.69337898944203,1.272115756845961,0
2026-01-13 20:00:00,58.051043737434114,2.521702744377472,0
2026-01-13 21:00:00,52.34173738359856,1.6219969571487551,0
2026-01-13 22:00:00,43.250363102762044,1.7906572980941524,0
2026-01-13 23:00:00,49.88969978814025,1.9720000956676729,0
2026-01-14 00:00:00,41.14967404050093,1.3622662674778199,0
2026-01-14 01:00:00,68.72337651884783,3.985232270152927,0
2026-01-14 02:00:00,51.86111390679487,3.6632040002893325,0
2026-01-14 03:00:00,60.64914226386511,2.9716056019648747,0
2026-01-14 04:00:00,49.0952176299088,1.3595395432691055,0
2026-01-14 05:00:00,56.04985362246952,3.661244245248208,0
2026-01-14 06:00:00,66.57551745569681,3.864431428188255,0
2026-01-14 07:00:00,67.52431661653483,3.13891928010224,0
2026-01-14 08:00:00,43.54798912978104,3.3614312850356747,0
2026-01-14 09:00:00,56.844120955108835,1.5008316137407274,0
2026-01-14 10:00:00,52.90612500296474,1.8296646746369278,0
2026-01-14 11:00:00,46.88119929983672,1.2056642591902236,0
2026-01-14 12:00:00,41.597917375502355,2.0622820485073734,0
2026-01-14 13:00:00,51.206822979252905,3.677690776746638,0
2026-01-14 14:00:00,66.42289554080737,1.7653012618023065,0
2026-01-14 15:00:00,62.783327114568685,2.110260405185981,0
2026-01-14 16:00:00,40.58563870432023,3.5033657453724163,0
2026-01-14 17:00:00,55.762936072222004,2.0072074048351953,0
2026-01-14 18:00:00,54.578117955537124,1.7847605264818174,0
2026-01-14 19:00:00,65.71219352408299,1.5691317877031472,0
2026-01-14 20:00:00,40.653613116630304,2.033601715115615,0
2026-01-14 21:00:00,53.54796900989756,1.7559341412758256,0
2026-01-14 22:00:00,55.24288253668194,3.3519844527140625,0
2026-01-14 23:00:00,68.6753809136715,2.756824457048842,0
2026-01-15 00:00:00,44.507432492390485,3.26969765358255,0
2026-01-15 01:00:00,53.873301162496034,2.1425952776503956,0
2026-01-15 02:00:00,44.846002005047986,1.7256055515828534,0
2026-01-15 03:00:00,51.57998030924297,2.0776850666813753,0
2026-01-15 04:00:00,57.02797269877644,1.1594330503010637,0
2026-01-15 05:00:00,62.94602286311183,1.6601476067888536,0
2026-01-15 06:00:00,58.3372377344531,2.0957114643815125,0
2026-01-15 07:00:00,57.4102533438885,2.2173612967412435,0
2026-01-15 08:00:00,45.81343019865944,1.6841762275347976,0
2026-01-15 09:00:00,46.162632156970446,1.7284849473096666,0
2026-01-15 10:00:00,52.086738536801306,3.9163569421680027,0
2026-01-15 11:00:00,44.7358265148752,1.4206587878994132,0
2026-01-15 12:00:00,51.85862442504488,3.9443651669709943,0
2026-01-15 13:00:00,42.70771999560075,1.641803639165834,0
2026-01-15 14:00:00,65.27939061302057,3.4954282126016363,0
2026-01-15 15:00:00,56.90773583912283,3.5211889834251098,0
2026-01-15 16:00:00,53.28431611284735,2.265589260256756,0
2026-01-15 17:00:00,58.42606079077221,2.678088634178146,0
2026-01-15 18:00:00,66.28727793589991,3.6876529662488418,0
2026-01-15 19:00:00,66.84873352401621,1.6176025627930386,0
2026-01-15 20:00:00,58.84063575813926,1.7754401316028328,0
2026-01-15 21:00:00,57.365431135825915,1.4507109937030436,0
2026-01-15 22:00:00,54.06896563649629,2.610774504726018,0
2026-01-15 23:00:00,67.25760703941346,3.960870245964374,0
2026-01-16 00:00:00,46.54770364360499,2.2368602710830534,0
2026-01-16 01:00:00,66.20449730542893,2.4992715522820292,0
2026-01-16 02:00:00,58.475827059514614,2.7878833848574467,0
2026-01-16 03:00:00,68.35384315895722,3.3926054646851584,0
2026-01-16 04:00:00,66.01363128610373,3.2517071503799255,0
2026-01-16 05:00:00,60.819013780135734,3.564292281150833,0
2026-01-16 06:00:00,62.48507221213881,1.9821068567633469,0
2026-01-16 07:00:00,58.59153873434396,3.8640006395506807,0
2026-01-16 08:00:00,67.3493654414888,1.9356671069898987,0
2026-01-16 09:00:00,48.63075757233417,1.023362821079051,0
2026-01-16 10:00:00,60.610691668160065,3.5995255657073058,0
2026-01-16 11:00:00,47.608169901377195,2.8937814285694095,0
2026-01-16 12:00:00,46.99236811708803,3.1990681711026703,0
2026-01-16 13:00:00,40.774543494819554,1.4870257891866339,0
2026-01-16 14:00:00,60.80260175342313,1.305972373025668,0
2026-01-16 15:00:00,50.83225804210194,2.617772958583121,0
2026-01-16 16:00:00,60.747637588306546,3.9159046383520413,0
2026-01-16 17:00:00,46.88748479091452,3.500412894421854,0
2026-01-16 18:00:00,45.5364563668159,3.9674813404476006,0
2026-01-16 19:00:00,46.37573263320185,3.826230107581797,0
2026-01-16 20:00:00,44.37036258085961,2.997081461802075,0
2026-01-16 21:00:00,46.77744419708532,2.884110047585967,0
2026-01-16 22:00:00,53.60250497523205,2.647410708013086,0
2026-01-16 23:00:00,50.17386071916173,1.3904326765323827,0
2026-01-17 00:00:00,54.019213238753146,1.8793349092574276,0
2026-01-17 01:00:00,61.10860026949185,3.590273406599564,0
2026-01-17 02:00:00,47.034493189726476,1.9475002470839782,0
2026-01-17 03:00:00,52.309816623687865,2.1322423521491585,0
2026-01-17 04:00:00,50.63401282385454,3.532175005860549,0
2026-01-17 05:00:00,68.4662490268166,2.1590888224433815,0
2026-01-17 06:00:00,59.41888989043629,2.690047845031815,0
2026-01-17 07:00:00,59.450821706744364,3.206636200345402,0
2026-01-17 08:00:00,64.57378413854345,2.9514825511460607,0
2026-01-17 09:00:00,50.01168859852366,1.648663433577083,0
2026-01-17 10:00:00,64.57155628856356,2.6589993087495873,0
2026-01-17 11:00:00,56.717968288813054,3.069119730276964,0
2026-01-17 12:00:00,50.78698784626576,3.1601121453215675,0
2026-01-17 13:00:00,44.802463766752425,2.0486424577004434,0
2026-01-17 14:00:00,40.527103166646945,1.1212609099123039,0
2026-01-17 15:00:00,56.010861176457645,3.9810089048868695,0
2026-01-17 16:00:00,53.126928502171296,3.53169680174645,0
2026-01-17 17:00:00,58.107754354791005,1.6041930947351677,0
2026-01-17 18:00:00,64.8750073202334,2.5397334236440043,0
2026-01-17 19:00:00,66.50267874907576,2.7639558560871613,0
2026-01-17 20:00:00,43.18937140286551,2.631646150995011,0
2026-01-17 21:00:00,42.928242197737696,2.264751713216435,0
2026-01-17 22:00:00,58.03026234127725,1.171365680897594,0
2026-01-17 23:00:00,52.72282593027169,2.0525955474935964,0
2026-01-18 00:00:00,46.33848379182474,1.4075063444813634,0
2026-01-18 01:00:00,65.8403999462078,3.081409866102395,0
2026-01-18 02:00:00,61.76249952299888,1.5197478973065683,0
2026-01-18 03:00:00,50.6239608407767,3.838328474861573,0
2026-01-18 04:00:00,69.18617663094385,1.5331584793778308,0
2026-01-18 05:00:00,41.055823105182185,2.6995647914563974,0
2026-01-18 06:00:00,43.80637332473939,1.8597142996756721,0
2026-01-18 07:00:00,50.921109100490185,2.2094335282725805,0
2026-01-18 08:00:00,52.20476946600312,3.007024281786538,0
2026-01-18 09:00:00,48.82469159830515,1.343898150921119,0
2026-01-18 10:00:00,64.88831467974164,2.2378436483735378,0
2026-01-18 11:00:00,45.79979528155666,1.924067175328803,0
2026-01-18 12:00:00,44.273440446674634,1.015612592252416,0
2026-01-18 13:00:00,48.9411461068887,1.0006479101038184,0
2026-01-18 14:00:00,46.60476480916096,1.1118244226077765,0
2026-01-18 15:00:00,45.43420625461398,2.4831374073411503,0
2026-01-18 16:00:00,42.91603977927667,3.6586580097098036,0
2026-01-18 17:00:00,61.57763672429855,2.0304244353882934,0
2026-01-18 18:00:00,45.64639186557359,2.9896186355011523,0
2026-01-18 19:00:00,53.523152089593594,1.933632408481676,0
2026-01-18 20:00:00,65.71293954439543,3.3107710093627434,0
2026-01-18 21:00:00,52.467796157561075,2.4213005525471285,0
2026-01-18 22:00:00,64.20502680653442,3.986431192261957,0
2026-01-18 23:00:00,67.06643589370192,3.359081942948166,0
2026-01-19 00:00:00,41.617550301990924,2.1870373997920414,0
2026-01-19 01:00:00,52.58566486075459,1.1278446859816387,0
2026-01-19 02:00:00,48.07842203373934,2.3270349227027003,0
2026-01-19 03:00:00,61.292917348183266,3.739303919924266,0
2026-01-19 04:00:00,48.827751496695825,2.4152267303955166,0
2026-01-19 05:00:00,57.78877338171385,2.4550328805105694,0
2026-01-19 06:00:00,46.05002944326347,1.3056882101192233,0
2026-01-19 07:00:00,60.73499843656404,3.4391136538135023,0
2026-01-19 08:00:00,55.612406341830265,1.5388909216412612,0
2026-01-19 09:00:00,54.99330044908046,3.550249154613243,0
2026-01-19 10:00:00,48.66905772824677,3.1855699393197248,0
2026-01-19 11:00:00,57.31132954225954,1.2697643733433002,0
2026-01-19 12:00:00,54.13440437300595,1.567301001288751,0
2026-01-19 13:00:00,49.443192877979385,2.2462359961966367,0
2026-01-19 14:00:00,64.84023547257969,1.0473378339398902,0
2026-01-19 15:00:00,49.20195677357153,1.1763408124962647,0
2026-01-19 16:00:00,42.885605574529585,1.958669631897571,0
2026-01-19 17:00:00,46.54386972198449,1.1348338310048978,0
2026-01-19 18:00:00,42.86781231991606,1.0345761866672722,0
2026-01-19 19:00:00,43.23359529236117,2.872773063205106,0
2026-01-19 20:00:00,41.53277259357733,2.509059296911433,0
2026-01-19 21:00:00,46.95346123201022,1.1535005529738749,0
2026-01-19 22:00:00,68.34045465848631,1.1619866744257337,0
2026-01-19 23:00:00,40.14742769556122,2.7488137247229165,0
2026-01-20 00:00:00,64.36195659406037,3.6267936714323694,0
2026-01-20 01:00:00,65.32994942090647,2.3350916927281515,0
2026-01-20 02:00:00,61.85807010582039,1.4641127420439488,0
2026-01-20 03:00:00,41.317870595168685,3.631255104523408,0
2026-01-20 04:00:00,41.6828152449225,1.8007219218921926,0
2026-01-20 05:00:00,64.03458521280106,3.687743884332076,0
2026-01-20 06:00:00,48.21826668053821,3.1057031817250103,0
2026-01-20 07:00:00,44.57058030212136,1.4636102706169218,0
2026-01-20 08:00:00,44.67078183417398,3.2543411280992753,0
2026-01-20 09:00:00,42.71909250548007,3.4829841181330203,0
2026-01-20 10:00:00,40.74051969720484,1.0537785548098713,0
2026-01-20 11:00:00,42.480266516631005,2.9174865375224663,0
2026-01-20 12:00:00,43.57027677527963,1.266034717899442,0
2026-01-20 13:00:00,49.77908604103549,3.5750953723864103,0
2026-01-20 14:00:00,45.44580696876734,3.3394480719239517,0
2026-01-20 15:00:00,56.05229394888437,1.467652738978732,0
2026-01-20 16:00:00,52.1258779241155,2.9822415616273528,0
2026-01-20 17:00:00,42.91436453734599,2.8013375477066838,0
2026-01-20 18:00:00,64.29040443101684,3.155901184275835,0
2026-01-20 19:00:00,62.184809251288925,3.6299359053575118,0
2026-01-20 20:00:00,58.21910698869398,2.7586615467681743,0
2026-01-20 21:00:00,54.09489308494509,2.5219087925222814,0
2026-01-20 22:00:00,61.27120175902205,3.594838894112913,0
2026-01-20 23:00:00,56.5903955212744,1.0894410050643428,0
2026-01-21 00:00:00,43.30232128931888,2.114740921744944,0
2026-01-21 01:00:00,69.65971583034025,1.4219954502444938,0
2026-01-21 02:00:00,41.564012210674036,2.3861004091948437,0
2026-01-21 03:00:00,59.624865982647314,3.9470156130591167,0
2026-01-21 04:00:00,52.843434345599775,3.662771330527531,0
2026-01-21 05:00:00,49.738797948341166,3.266313404841174,0
2026-01-21 06:00:00,42.11940703245515,1.1346220222509928,0
2026-01-21 07:00:00,63.75523322071257,2.4952630822275235,0
2026-01-21 08:00:00,60.73538413818085,1.1220313315065285,0
2026-01-21 09:00:00,46.51799323898652,2.604822736830753,0
2026-01-21 10:00:00,66.90885469990687,2.852308403521131,0
2026-01-21 11:00:00,58.86900572976301,3.527890666839716,0
2026-01-21 12:00:00,66.38969620868168,1.9924647360413354,0
2026-01-21 13:00:00,59.530890437914536,2.925339711470083,0
2026-01-21 14:00:00,58.04908013441133,2.7126233499304035,0
2026-01-21 15:00:00,46.50390385893856,2.481711399072517,0
2026-01-21 16:00:00,45.56505627911145,3.9640187320194116,0
2026-01-21 17:00:00,57.27306546742263,3.4445211664948046,0
2026-01-21 18:00:00,41.36888791087684,3.5085913764320398,0
2026-01-21 19:00:00,69.97467647739352,1.128048377883438,0
2026-01-21 20:00:00,96.1726374784152,7.797496730356726,1
2026-01-21 21:00:00,89.77291230403105,7.528192494182381,1
2026-01-21 22:00:00,85.79729825990762,7.201943141514141,1
2026-01-21 23:00:00,85.62563650201476,6.276778438481847,1
2026-01-22 00:00:00,89.1931541200999,6.854260584778689,1
2026-01-22 01:00:00,90.58523980490001,6.77064910823546,1
2026-01-22 02:00:00,86.391996043289,6.0623904547472325,1
2026-01-22 03:00:00,91.24683690953168,8.924160802570313,1
2026-01-22 04:00:00,87.19604649665571,7.800891303121725,1
2026-01-22 05:00:00,88.00064110520462,6.207232442469454,1
2026-01-22 06:00:00,40.60959878904301,3.455562795608594,0
2026-01-22 07:00:00,67.38009105582098,1.846482253907212,0
2026-01-22 08:00:00,49.427379537881336,2.9818013214301544,0
2026-01-22 09:00:00,62.40570234498334,3.2562357359721394,0
2026-01-22 10:00:00,41.787299921630975,1.2160405547204522,0
2026-01-22 11:00:00,44.453311422118475,1.3726878659002293,0
2026-01-22 12:00:00,58.06709697091925,2.0669972758304755,0
2026-01-22 13:00:00,64.46883758805285,3.9039998155185556,0
2026-01-22 14:00:00,58.6419001144537,1.6205758036150306,0
2026-01-22 15:00:00,40.83483551255443,3.496471364357738,0
2026-01-22 16:00:00,65.59669405935492,3.323417156307495,0
2026-01-22 17:00:00,50.442237972147865,1.9428240652843,0
2026-01-22 18:00:00,40.33112597313236,1.4153094512816784,0
2026-01-22 19:00:00,51.28441992353047,1.8871443284664888,0
2026-01-22 20:00:00,63.88128616470776,2.43915247140549,0
2026-01-22 21:00:00,65.99064771147614,1.1617046182455657,0
2026-01-22 22:00:00,60.37156701952923,1.4350722511172411,0
2026-01-22 23:00:00,62.49123865306838,2.7732306431433384,0
2026-01-23 00:00:00,53.926056577355965,3.8690235601028444,0
2026-01-23 01:00:00,65.98065538329813,1.1950661519866075,0
2026-01-23 02:00:00,63.40207616093337,1.6662274202244596,0
2026-01-23 03:00:00,51.59572690060441,3.2611353516054042,0
2026-01-23 04:00:00,50.713190633896104,1.3548085956715124,0
2026-01-23 05:00:00,51.50928273845013,2.786730235731656,0
2026-01-23 06:00:00,63.80052860293039,1.6469807711155966,0
2026-01-23 07:00:00,42.37571004239132,1.7574998269554019,0
2026-01-23 08:00:00,69.87662136228454,3.4621755700450456,0
2026-01-23 09:00:00,53.91462938711652,1.2705151780279342,0
2026-01-23 10:00:00,59.57825784573049,2.576416123542259,0
2026-01-23 11:00:00,44.75221429974479,2.489386722164746,0
2026-01-23 12:00:00,50.9646619659499,2.4043804213084004,0
2026-01-23 13:00:00,57.3342612177636,2.9368483544155324,0
2026-01-23 14:00:00,67.54694743741933,3.303339703633327,0
2026-01-23 15:00:00,43.5554102563832,1.0056342891446381,0
2026-01-23 16:00:00,53.45312050229457,1.5790709595004806,0
2026-01-23 17:00:00,57.80426153580602,1.5175608119376165,0
2026-01-23 18:00:00,57.49192700571584,2.1809240373350405,0
2026-01-23 19:00:00,66.99529634319782,1.3860452572880833,0
2026-01-23 20:00:00,62.65862971200998,2.2362720294759546,0
2026-01-23 21:00:00,42.82362760057081,1.5805541442413678,0
2026-01-23 22:00:00,51.17415180235882,2.15848157413564,0
2026-01-23 23:00:00,57.75374902255515,1.881598544897117,0
2026-01-24 00:00:00,59.08066639765599,1.3441279160394581,0
2026-01-24 01:00:00,46.89411444712291,1.9163560741957177,0
2026-01-24 02:00:00,66.51357066211638,1.0038043078131982,0
2026-01-24 03:00:00,54.44733759838163,1.8387989186500868,0
2026-01-24 04:00:00,40.2456684230305,2.687618107190187,0
2026-01-24 05:00:00,47.377534288019945,2.7454466986464703,0
2026-01-24 06:00:00,42.20005783865777,3.670576858978731,0
2026-01-24 07:00:00,40.94736016330905,3.1928254890990684,0
2026-01-24 08:00:00,46.163648451133355,1.0511812240670628,0
2026-01-24 09:00:00,50.27309712195522,3.8389194672048497,0
2026-01-24 10:00:00,61.902122652628776,2.310863591342294,0
2026-01-24 11:00:00,40.54156607031862,2.800277548056638,0
2026-01-24 12:00:00,69.59841830032687,1.065200669827627,0
2026-01-24 13:00:00,41.3706802234491,2.135377484735555,0
2026-01-24 14:00:00,42.001432389091974,3.55630262757423,0
2026-01-24 15:00:00,52.52091045658615,1.5128493588941132,0
2026-01-24 16:00:00,62.06034035450489,2.407586289776625,0
2026-01-24 17:00:00,65.95301393055834,1.6569724952940894,0
2026-01-24 18:00:00,52.748714499151916,2.7354113749601914,0
2026-01-24 19:00:00,44.76711805970088,2.4697492180433613,0
2026-01-24 20:00:00,62.33754063842406,1.161635311183109,0
2026-01-24 21:00:00,52.854589827015126,2.7910282587390642,0
2026-01-24 22:00:00,59.62084051366341,3.41092508993946,0
2026-01-24 23:00:00,53.37588479564584,3.9198716636754103,0
2026-01-25 00:00:00,54.9279035814901,3.7257583412817907,0
2026-01-25 01:00:00,66.78323006483114,2.5199989786810706,0
2026-01-25 02:00:00,63.159393783450035,2.423624325423808,0
2026-01-25 03:00:00,40.899416456879926,2.229240919128034,0
2026-01-25 04:00:00,47.39491024665401,2.688890016455226,0
2026-01-25 05:00:00,48.51440171004493,1.5121218861925905,0
2026-01-25 06:00:00,68.52300334572385,3.178700356127858,0
2026-01-25 07:00:00,51.631795287342214,2.392650949027173,0
2026-01-25 08:00:00,47.449678065156675,1.907871405532092,0
2026-01-25 09:00:00,47.88633773300542,1.2322306251829316,0
2026-01-25 10:00:00,66.84239274500547,3.456711197637484,0
2026-01-25 11:00:00,67.99645684258341,2.303191924022726,0
2026-01-25 12:00:00,43.198781744100714,3.425612504095863,0
2026-01-25 13:00:00,54.128266594679694,2.083448864721798,0
2026-01-25 14:00:00,43.34712310372674,2.6691333452640738,0
2026-01-25 15:00:00,63.97851173511033,1.0765425667928867,0
2026-01-25 16:00:00,55.192082808962425,3.509457112320919,0
2026-01-25 17:00:00,46.68372740735944,3.5877201583504554,0
2026-01-25 18:00:00,41.049882344318625,1.5150069454203414,0
2026-01-25 19:00:00,40.638491560528905,1.4613457258147164,0
2026-01-25 20:00:00,55.958228086139336,2.2824234906535548,0
2026-01-25 21:00:00,59.476103554647224,3.521292103616281,0
2026-01-25 22:00:00,69.5301574042536,1.0060319014942678,0
2026-01-25 23:00:00,51.767203706300336,1.4198134662507749,0
2026-01-26 00:00:00,57.852776188218066,3.9390829809296393,0
2026-01-26 01:00:00,68.47832549855534,1.2346641235449463,0
2026-01-26 02:00:00,51.34274953990675,1.2549084734113052,0
2026-01-26 03:00:00,52.177083676972984,2.1584224516539163,0
2026-01-26 04:00:00,66.66071589860408,1.0515968792158725,0
2026-01-26 05:00:00,65.93423851712592,3.075123968415951,0
2026-01-26 06:00:00,48.68235566308893,1.430892762529732,0
2026-01-26 07:00:00,52.51473619496706,1.4075345421623575,0
2026-01-26 08:00:00,63.17723361431446,2.0861641042146677,0
2026-01-26 09:00:00,65.4901698372923,1.9902481237387004,0
2026-01-26 10:00:00,47.996879542760304,1.4518344064035005,0
2026-01-26 11:00:00,67.1019335724342,1.4915257907533321,0
2026-01-26 12:00:00,54.050465183072966,2.948100749611267,0
2026-01-26 13:00:00,65.92085888517857,3.2008067387164516,0
2026-01-26 14:00:00,40.753580260634536,2.1738445530518478,0
2026-01-26 15:00:00,63.62540556596868,3.831481755146535,0
2026-01-26 16:00:00,43.75526978495549,3.419613125822428,0
2026-01-26 17:00:00,62.97167192818759,1.1429095191921674,0
2026-01-26 18:00:00,65.16740560060867,1.0200197278722023,0
2026-01-26 19:00:00,51.245266855989556,3.2828523891103507,0
2026-01-26 20:00:00,48.87800565946634,2.9404306224475203,0
2026-01-26 21:00:00,54.87075326760866,2.9077419745348374,0
2026-01-26 22:00:00,49.439348937436336,1.0680780065842295,0
2026-01-26 23:00:00,55.84020478200439,2.302807286426079,0
2026-01-27 00:00:00,43.32265535977524,1.7986561646304078,0
2026-01-27 01:00:00,57.87803812796058,3.599330825457601,0
2026-01-27 02:00:00,52.4403569954616,2.3512403396807753,0
2026-01-27 03:00:00,49.30311062997883,1.9040569855497202,0
2026-01-27 04:00:00,65.2946097078719,2.546234555339383,0
2026-01-27 05:00:00,62.35395627876641,2.4945544853159545,0
2026-01-27 06:00:00,52.72607258361489,2.7250637846852457,0
2026-01-27 07:00:00,42.00239295359485,2.1916592329686373,0
2026-01-27 08:00:00,67.0461546092208,2.011984549593294,0
2026-01-27 09:00:00,68.45368324653869,2.0431966493034324,0
2026-01-27 10:00:00,43.94148498731821,1.4124136868817925,0
2026-01-27 11:00:00,51.378203809698604,3.0379657118040493,0
2026-01-27 12:00:00,56.575970785098775,2.108860696028326,0
2026-01-27 13:00:00,58.30247865523182,2.318928870556381,0
2026-01-27 14:00:00,56.58770304309116,3.1121972501198827,0
2026-01-27 15:00:00,66.02649019573461,1.9172965902544483,0
2026-01-27 16:00:00,64.25213947523002,3.849927838993234,0
2026-01-27 17:00:00,47.631915362753,1.8699062125513257,0
2026-01-27 18:00:00,68.62226045327874,2.7566408963028275,0
2026-01-27 19:00:00,58.22777041664531,3.6211199400683323,0
2026-01-27 20:00:00,65.71131381010618,3.056690012776962,0
2026-01-27 21:00:00,64.98434184228819,3.8334657347639496,0
2026-01-27 22:00:00,69.5826600814836,3.8359553714024557,0
2026-01-27 23:00:00,54.24846114217789,2.0714571832256374,0
2026-01-28 00:00:00,48.27680432313649,1.732515482683112,0
2026-01-28 01:00:00,41.636695408513766,2.183141300536623,0
2026-01-28 02:00:00,66.55155402727742,3.8386375706265485,0
2026-01-28 03:00:00,62.013016030404145,1.6766765586051005,0
2026-01-28 04:00:00,43.37498965549166,3.7868141640599524,0
2026-01-28 05:00:00,59.47278141563008,1.8561811243652098,0
2026-01-28 06:00:00,40.24918622692048,2.6422975688155392,0
2026-01-28 07:00:00,63.29894173252304,3.848765913499424,0
2026-01-28 08:00:00,49.44689019842063,1.8514579218653289,0
2026-01-28 09:00:00,64.27523833443252,1.1865668316462181,0
2026-01-28 10:00:00,60.84499973937605,1.3938364139418964,0
2026-01-28 11:00:00,52.18606867169131,3.5980761089209823,0
2026-01-28 12:00:00,62.73645389296347,1.7224459457058647,0
2026-01-28 13:00:00,55.67466633101153,1.314474536557705,0
2026-01-28 14:00:00,66.13280916561853,2.8544184813276328,0
2026-01-28 15:00:00,58.78430483984013,3.9087853453300694,0
2026-01-28 16:00:00,65.91843849220017,3.360847749894687,0
2026-01-28 17:00:00,43.03804008393952,1.7329634422169402,0
2026-01-28 18:00:00,60.96733088378156,1.738903779374526,0
2026-01-28 19:00:00,67.08295114176073,1.859436563052796,0
2026-01-28 20:00:00,49.78094447524214,1.780231825877911,0
2026-01-28 21:00:00,55.52322108249451,1.1516440420784564,0
2026-01-28 22:00:00,50.64267397859978,3.2147726574973987,0
2026-01-28 23:00:00,51.54974054501186,2.3264885163747113,0
2026-01-29 00:00:00,45.84083077789572,1.7359069515733823,0
2026-01-29 01:00:00,55.30657988514814,1.5958402613787386,0
2026-01-29 02:00:00,44.934837798764136,2.313888621879212,0
2026-01-29 03:00:00,58.698166411532554,3.2072771108295375,0
2026-01-29 04:00:00,46.07414785350051,1.4684867707722113,0
2026-01-29 05:00:00,45.22910760015928,2.7685953873927587,0
2026-01-29 06:00:00,68.61485955897312,2.127346543676466,0
2026-01-29 07:00:00,62.94579123396851,3.6002880097875147,0
2026-01-29 08:00:00,50.99598583095136,1.0010702167349002,0
2026-01-29 09:00:00,51.303120311890325,2.748043206327753,0
2026-01-29 10:00:00,49.013122482166956,3.358155023286557,0
2026-01-29 11:00:00,67.16063764599659,1.7490384745407581,0
2026-01-29 12:00:00,64.05016484693982,3.481808151360628,0
2026-01-29 13:00:00,67.03069168718861,2.095795630632076,0
2026-01-29 14:00:00,40.14492077938313,3.0722439750608976,0
2026-01-29 15:00:00,43.36700226762526,2.002588554553591,0
2026-01-29 16:00:00,42.619017702801976,2.956765258759133,0
2026-01-29 17:00:00,43.92515423848126,1.446682969801081,0
2026-01-29 18:00:00,52.18052215582863,2.8367390330211824,0
2026-01-29 19:00:00,40.46060806888462,3.3339973289666953,0
2026-01-29 20:00:00,58.54328713571448,3.032313022287447,0
2026-01-29 21:00:00,45.88550171065667,3.381652714186377,0
2026-01-29 22:00:00,52.925022905026026,3.4147953088796785,0
2026-01-29 23:00:00,51.0637344132556,3.1677213787123755,0
2026-01-30 00:00:00,42.939468584215156,3.730902357084907,0
2026-01-30 01:00:00,59.76459144634314,1.6140038498041616,0
2026-01-30 02:00:00,44.55014284557005,3.7876525500341307,0
2026-01-30 03:00:00,67.89524475119646,1.3272531334335347,0
2026-01-30 04:00:00,58.89995628327115,2.9919302252484794,0
2026-01-30 05:00:00,52.85572897199697,3.0401408802092518,0
2026-01-30 06:00:00,43.42907168074196,1.8652587467859052,0
2026-01-30 07:00:00,52.86755764498192,2.547672105653174,0
2026-01-30 08:00:00,64.551629261206,2.2839811774304284,0
2026-01-30 09:00:00,56.52278532194841,3.752281876551325,0
2026-01-30 10:00:00,53.34412934462185,3.06378735546089,0
2026-01-30 11:00:00,57.162267848917594,2.968859801158202,0
2026-01-30 12:00:00,58.91848368988133,1.9738181377516608,0
2026-01-30 13:00:00,47.06732989112116,3.4320780833870526,0
2026-01-30 14:00:00,58.466186376610146,2.8571092254024815,0
2026-01-30 15:00:00,55.240949869970706,2.8165098871315104,0
2026-01-30 16:00:00,47.47219685251576,1.8486651614802079,0
2026-01-30 17:00:00,49.14389915510006,3.1273815959408315,0
2026-01-30 18:00:00,67.21346473173624,1.891775140560076,0
2026-01-30 19:00:00,69.23048912357694,2.1691042898714032,0
2026-01-30 20:00:00,63.36925886963594,1.9548876048103296,0
2026-01-30 21:00:00,56.91529879040708,2.679018329544704,0
2026-01-30 22:00:00,63.31389153081214,2.4037810868082214,0
2026-01-30 23:00:00,44.1069054464332,1.4691372862248073,0
2026-01-31 00:00:00,68.23844660751347,1.5653162365368767,0
2026-01-31 01:00:00,58.82773762513669,2.510626277900303,0
2026-01-31 02:00:00,68.32983858308735,3.0523751659563345,0
2026-01-31 03:00:00,53.077372761750425,3.9890645381734973,0
2026-01-31 04:00:00,54.03028402377211,2.1979434733016534,0
2026-01-31 05:00:00,60.117038787819055,3.260103433131703,0
2026-01-31 06:00:00,46.189511404018106,1.6134167424471775,0
2026-01-31 07:00:00,49.12425073517693,2.4103013178287225,0
2026-01-31 08:00:00,53.7876885032137,3.5887220061768157,0
2026-01-31 09:00:00,43.15872408237233,1.9848535427752614,0
2026-01-31 10:00:00,68.18182616945452,2.9327476200870226,0
2026-01-31 11:00:00,42.41106893179758,1.731314225595034,0
2026-01-31 12:00:00,48.965329584624776,1.601535313461635,0
2026-01-31 13:00:00,43.192454168953994,1.7428393888753337,0
2026-01-31 14:00:00,44.423712834225775,2.748185658744814,0
2026-01-31 15:00:00,59.353399114733975,2.848708332189761,0
2026-01-31 16:00:00,47.5280964069508,1.3246830643925533,0
2026-01-31 17:00:00,47.09925398404364,1.6815736091723426,0
2026-01-31 18:00:00,67.59198581135541,1.5231590320605388,0
2026-01-31 19:00:00,46.928680279885015,1.9435695662379255,0
2026-01-31 20:00:00,62.75262937765649,1.567461809556302,0
2026-01-31 21:00:00,67.64457417396952,2.2110215584235435,0
2026-01-31 22:00:00,50.1586632674364,1.2404553639752507,0
2026-01-31 23:00:00,44.66084736958498,1.005422301057008,0
2026-02-01 00:00:00,46.05737455015637,2.2309246221847143,0
2026-02-01 01:00:00,54.405695278727116,2.5439529788160247,0
2026-02-01 02:00:00,42.57692476300428,3.4129139726479822,0
2026-02-01 03:00:00,65.85430180620803,1.0377430612922018,0
2026-02-01 04:00:00,48.103866973356894,1.9260488795383155,0
2026-02-01 05:00:00,48.244677140068646,1.4704695842242632,0
2026-02-01 06:00:00,64.76255505796568,2.6922307408270574,0
2026-02-01 07:00:00,47.1350119153139,3.350698296206404,0
2026-02-01 08:00:00,62.12980552242549,2.0219271167640906,0
2026-02-01 09:00:00,44.9043164619263,3.9780078901412423,0
2026-02-01 10:00:00,65.93177326992264,3.4903184412967954,0
2026-02-01 11:00:00,56.101386335605426,2.617853725064963,0
2026-02-01 12:00:00,66.68627589575544,2.6865014511986396,0
2026-02-01 13:00:00,61.14600724302554,2.1728536658051008,0
2026-02-01 14:00:00,51.941611677820475,2.123812224684715,0
2026-02-01 15:00:00,45.94835589492902,2.8978300911897343,0
2026-02-01 16:00:00,49.471686759049085,1.98955617738431,0
2026-02-01 17:00:00,65.40264483513837,1.556045642009754,0
2026-02-01 18:00:00,44.20062026630821,1.4965163925799208,0
2026-02-01 19:00:00,61.26841483609854,3.9229146453922605,0
2026-02-01 20:00:00,45.03413432714716,2.227526136068741,0
2026-02-01 21:00:00,49.217349952941255,2.9985889604058555,0
2026-02-01 22:00:00,55.75929704149895,1.0027153262266855,0
2026-02-01 23:00:00,54.027694435994,2.248950508363798,0
2026-02-02 00:00:00,57.951057647889016,1.4824044738241933,0
2026-02-02 01:00:00,64.72048159950613,2.70117656140238,0
2026-02-02 02:00:00,56.19033225863007,2.256675331837507,0
2026-02-02 03:00:00,47.97806376443868,2.8173999745077616,0
2026-02-02 04:00:00,49.896645458053854,2.3737173870958688,0
2026-02-02 05:00:00,57.21904218410488,3.4929534125269783,0
2026-02-02 06:00:00,52.68877618303549,3.344905102476673,0
2026-02-02 07:00:00,69.65822793646839,1.0039871226422648,0
2026-02-02 08:00:00,66.90317698443121,1.8048417225042597,0
2026-02-02 09:00:00,55.56088345615224,2.5825364623900087,0
2026-02-02 10:00:00,53.39263098360339,2.142811297477964,0
2026-02-02 11:00:00,59.54928466646781,1.4747464692017416,0
2026-02-02 12:00:00,44.1504578060331,2.0715919941949394,0
2026-02-02 13:00:00,52.839933226768785,1.876685025338686,0
2026-02-02 14:00:00,67.50935007962612,2.0146703381802706,0
2026-02-02 15:00:00,67.1837333039774,2.656655430944717,0
2026-02-02 16:00:00,44.83061281576365,2.45425597233392,0
2026-02-02 17:00:00,50.62690807877192,2.016927781873315,0
2026-02-02 18:00:00,68.3159053105647,1.636804503727564,0
2026-02-02 19:00:00,57.51916512085969,2.634426163076574,0
2026-02-02 20:00:00,42.005668822912874,1.4343685239700905,0
2026-02-02 21:00:00,47.373608996940966,3.852158866255583,0
2026-02-02 22:00:00,58.455779346762526,1.9141634898133337,0
2026-02-02 23:00:00,49.08196165145545,3.3591421798280505,0
2026-02-03 00:00:00,66.60953313612072,3.3406805043194128,0
2026-02-03 01:00:00,66.14657777128863,1.011596601041994,0
2026-02-03 02:00:00,47.707735735384105,3.342189604140298,0
2026-02-03 03:00:00,57.577072435811644,3.0550663687730877,0
2026-02-03 04:00:00,63.19384898236617,1.8149504400187824,0
2026-02-03 05:00:00,66.20523823992532,1.8469349180284862,0
2026-02-03 06:00:00,40.56853126227524,2.422860523757961,0
2026-02-03 07:00:00,42.95135396623873,2.4350982824408294,0
2026-02-03 08:00:00,62.04494595531991,3.2385129046168215,0
2026-02-03 09:00:00,44.679851488490435,2.090227050685408,0
2026-02-03 10:00:00,46.03525270552014,2.0854500539159773,0
2026-02-03 11:00:00,69.67102558245283,2.3677373116592273,0
2026-02-03 12:00:00,60.70817166705461,3.3704256269719473,0
2026-02-03 13:00:00,62.66421824185595,3.04608948171155,0
2026-02-03 14:00:00,41.39907571353772,3.3459484359504543,0
2026-02-03 15:00:00,55.55832087443184,2.5604613199730264,0
2026-02-03 16:00:00,56.92889807430184,3.176764191272332,0
2026-02-03 17:00:00,69.01382742670836,2.5970694627224704,0
2026-02-03 18:00:00,43.75736026405293,2.7796913608721048,0
2026-02-03 19:00:00,49.58905418176903,3.76733085341145,0
2026-02-03 20:00:00,51.86968393123953,1.6682152220290143,0
2026-02-03 21:00:00,47.72193746429254,2.0463670636666658,0
2026-02-03 22:00:00,41.357678727973116,1.370690752392461,0
2026-02-03 23:00:00,54.643890945897816,2.634668567817275,0
2026-02-04 00:00:00,51.55047076842576,1.4987518792448724,0
2026-02-04 01:00:00,68.18526283181522,1.0777449778092727,0
2026-02-04 02:00:00,66.34118940262147,1.2564042913123545,0
2026-02-04 03:00:00,54.87907506159689,2.8016009147348644,0
2026-02-04 04:00:00,59.97657759847094,2.460554861098326,0
2026-02-04 05:00:00,44.66145922725193,2.9609117069471846,0
2026-02-04 06:00:00,67.92826878206954,1.7795508881660052,0
2026-02-04 07:00:00,45.49730676236199,3.387429064290989,0
2026-02-04 08:00:00,65.95263247091586,2.507479292793639,0
2026-02-04 09:00:00,57.432401111746834,1.0030616429008132,0
2026-02-04 10:00:00,48.9186269377648,3.052501809266011,0
2026-02-04 11:00:00,43.01782300644648,2.4154350357257655,0
2026-02-04 12:00:00,50.44227439930265,2.4983370283713326,0
2026-02-04 13:00:00,63.425435274233706,2.045352839794431,0
2026-02-04 14:00:00,67.545745646045,3.5972018159661756,0
2026-02-04 15:00:00,49.46013266028379,2.9150456740597512,0
2026-02-04 16:00:00,60.93990401217066,3.211787043872049,0
2026-02-04 17:00:00,68.50167898756281,2.735049627093354,0
2026-02-04 18:00:00,66.47456416704534,3.328192831073154,0
2026-02-04 19:00:00,57.431449502968306,1.7133570241121117,0
2026-02-04 20:00:00,53.27604109169356,1.8717494323094694,0
2026-02-04 21:00:00,64.3296101534412,3.3558613863483933,0
2026-02-04 22:00:00,62.01299344049844,1.7004675472479773,0
2026-02-04 23:00:00,51.24419053734938,3.0061139547098716,0
2026-02-05 00:00:00,54.784783338505974,1.4345278575701494,0
2026-02-05 01:00:00,67.5529334734234,3.5500691989001685,0
2026-02-05 02:00:00,58.12573128403904,1.012597121542102,0
2026-02-05 03:00:00,57.71294836689109,3.988553651010834,0
2026-02-05 04:00:00,44.051445375216765,1.7588561415182271,0
2026-02-05 05:00:00,66.9754238130861,2.3204072528191673,0
2026-02-05 06:00:00,67.58289239979831,2.3908376906771514,0
2026-02-05 07:00:00,46.651539693129486,3.4799801024767145,0
2026-02-05 08:00:00,59.55530952354445,3.7844228008597214,0
2026-02-05 09:00:00,68.93310602085718,3.381039037479619,0
2026-02-05 10:00:00,52.741917775421925,2.102449770232494,0
2026-02-05 11:00:00,64.73240463919117,3.010537712994158,0
2026-02-05 12:00:00,58.348328681201984,1.5431396625520495,0
2026-02-05 13:00:00,60.554768843937794,1.9389676696717362,0
2026-02-05 14:00:00,58.72262753768416,1.4045797124989983,0
2026-02-05 15:00:00,61.133825319513605,1.2226121555564746,0
2026-02-05 16:00:00,49.66405951037266,1.480513383992346,0
2026-02-05 17:00:00,52.37870319007051,3.5093183731002506,0
2026-02-05 18:00:00,41.12559094060549,3.158438355148677,0
2026-02-05 19:00:00,61.30049681824278,1.397067522187652,0
2026-02-05 20:00:00,69.1689787517605,3.56969355493345,0
2026-02-05 21:00:00,52.96107718599478,2.804094615261738,0
2026-02-05 22:00:00,54.688944474122394,3.846779697516644,0
2026-02-05 23:00:00,49.1377462846994,2.699591896031344,0
2026-02-06 00:00:00,69.78803423697312,2.9053115722256257,0
2026-02-06 01:00:00,46.57366030107371,1.465231023218963,0
2026-02-06 02:00:00,64.29382233657157,3.5358812136370084,0
2026-02-06 03:00:00,52.23389443692263,3.453754885079298,0
2026-02-06 04:00:00,53.45314115356017,2.426665784334983,0
2026-02-06 05:00:00,52.05248969943524,2.9465594311480094,0
2026-02-06 06:00:00,45.8366183468568,3.439774357788971,0
2026-02-06 07:00:00,65.08470706873426,1.491281814719497,0
2026-02-06 08:00:00,64.501024884174,2.673690745763978,0
2026-02-06 09:00:00,60.42479947035491,2.0898412231438885,0
2026-02-06 10:00:00,55.21091499238729,3.318772623300895,0
2026-02-06 11:00:00,61.92383912235112,2.6824522897081766,0
2026-02-06 12:00:00,63.433068047234514,2.9488212476087488,0
2026-02-06 13:00:00,67.21797053068481,2.8225211283965503,0
2026-02-06 14:00:00,65.26625363617453,1.0633124533649643,0
2026-02-06 15:00:00,47.4327398413551,1.0351800134514009,0
2026-02-06 16:00:00,64.8552029884128,1.9811872880460473,0
2026-02-06 17:00:00,48.63372292042982,2.0166197898764917,0
2026-02-06 18:00:00,55.56302675533095,3.4708548346404737,0
2026-02-06 19:00:00,42.89097968805768,1.6567474946935175,0
2026-02-06 20:00:00,46.72498341098542,1.4021744049127784,0
2026-02-06 21:00:00,45.79638324880784,2.842344622493555,0
2026-02-06 22:00:00,67.61443288669368,2.957734169253134,0
2026-02-06 23:00:00,58.87532747313386,2.8652515753435575,0
2026-02-07 00:00:00,61.46826110228,3.0061674881399614,0
2026-02-07 01:00:00,58.70492714404919,1.7621255109189575,0
2026-02-07 02:00:00,54.275988229184655,2.3496201135998094,0
2026-02-07 03:00:00,67.21801538528659,3.0929261071405367,0
2026-02-07 04:00:00,57.97027676221759,2.222035161232072,0
2026-02-07 05:00:00,64.09702674068862,3.4955665261080666,0
2026-02-07 06:00:00,67.36164655518724,1.6407130558403797,0
2026-02-07 07:00:00,58.00155260401068,2.64892478316751,0
2026-02-07 08:00:00,48.697283042086056,1.1074660906797011,0
2026-02-07 09:00:00,50.63970944518605,1.9290488237464194,0
2026-02-07 10:00:00,66.14737496424036,2.749130630459594,0
2026-02-07 11:00:00,49.95956691047065,3.611495621801597,0
2026-02-07 12:00:00,53.54654037569942,1.4671851689720594,0
2026-02-07 13:00:00,49.43882556719504,3.5834160124763446,0
2026-02-07 14:00:00,47.74431910144501,3.0262081052005843,0
2026-02-07 15:00:00,68.45242399715077,3.901936154967046,0
2026-02-07 16:00:00,63.92977970069138,2.462743666547329,0
2026-02-07 17:00:00,44.026105071720785,3.2741940776279517,0
2026-02-07 18:00:00,58.8282457391273,2.710061056985031,0
2026-02-07 19:00:00,67.24207565784407,3.033426543777227,0
2026-02-07 20:00:00,60.336518172002684,2.2552655438889873,0
2026-02-07 21:00:00,52.625237881289095,1.0969402574540663,0
2026-02-07 22:00:00,67.58992956066255,1.9461311436886222,0
2026-02-07 23:00:00,48.30238791969852,3.8270533178705857,0
2026-02-08 00:00:00,69.9020359698124,2.4129004452488196,0
2026-02-08 01:00:00,63.40686119038918,1.142618407100715,0
2026-02-08 02:00:00,64.20063391172339,2.897075174237144,0
2026-02-08 03:00:00,46.249157132500784,3.6584374109593076,0
2026-02-08 04:00:00,46.15360176628095,2.5776717166962677,0
2026-02-08 05:00:00,67.43966910849862,1.8371792342306017,0
2026-02-08 06:00:00,56.61148667275921,2.165783463624792,0
2026-02-08 07:00:00,49.01614436028894,2.5444102729719518,0
2026-02-08 08:00:00,48.361167155310525,2.058202098579393,0
2026-02-08 09:00:00,53.39346304505655,3.4552947221262102,0
2026-02-08 10:00:00,67.65262904837518,3.854814838351133,0
2026-02-08 11:00:00,48.356347035631636,3.6904302654079078,0
2026-02-08 12:00:00,49.15735301129769,1.5838247788247797,0
2026-02-08 13:00:00,40.145290261349956,3.3142921473967375,0
2026-02-08 14:00:00,49.22209703479986,2.560763101598168,0
2026-02-08 15:00:00,69.45247547845786,1.0467546282489377,0
2026-02-08 16:00:00,54.435364568783996,2.253281160226907,0
2026-02-08 17:00:00,61.747814371624656,3.583553009044248,0
2026-02-08 18:00:00,55.640553172550085,3.698011866979448,0
2026-02-08 19:00:00,67.93381341376482,2.8247855013978205,0
2026-02-08 20:00:00,48.775705398495816,2.243977284744413,0
2026-02-08 21:00:00,45.70945972428469,3.5861485334321683,0
2026-02-08 22:00:00,41.5864445139373,3.4709895656708616,0
2026-02-08 23:00:00,68.3586582851445,1.7831886987762742,0
2026-02-09 00:00:00,56.625941094229034,2.6474007588003796,0
2026-02-09 01:00:00,54.98656242925524,2.39707072249851,0
2026-02-09 02:00:00,50.19455587527069,3.7656043087800533,0
2026-02-09 03:00:00,55.111276755096675,1.25306681956258,0
2026-02-09 04:00:00,47.97923106174839,1.3707214395523457,0
2026-02-09 05:00:00,61.06225103622478,1.5030889332525381,0
2026-02-09 06:00:00,44.586330154691304,2.809679283169053,0
2026-02-09 07:00:00,61.217359942717884,2.438751926928585,0
2026-02-09 08:00:00,59.02437316329881,2.8069476179730697,0
2026-02-09 09:00:00,56.3317884690202,2.347684364184357,0
2026-02-09 10:00:00,49.43071726922301,1.555486543138505,0
2026-02-09 11:00:00,54.228570013944456,3.0942002504692034,0
2026-02-09 12:00:00,50.29034437163442,2.962256897323974,0
2026-02-09 13:00:00,63.97320077876501,2.1746162161946123,0
2026-02-09 14:00:00,49.90251051870136,2.043960088011429,0
2026-02-09 15:00:00,41.85188570293155,3.3256177835059737,0
2026-02-09 16:00:00,40.19811188335009,2.2965557820482174,0
2026-02-09 17:00:00,63.91362853339912,2.9449781907389507,0
2026-02-09 18:00:00,64.00389788184192,2.300033297744074,0
2026-02-09 19:00:00,42.08239703096133,2.3225762514746626,0
2026-02-09 20:00:00,69.55050227889578,2.4439176702521137,0
2026-02-09 21:00:00,59.737776642254836,3.4411145388674815,0
2026-02-09 22:00:00,59.35238480257898,2.2335139598026093,0
2026-02-09 23:00:00,42.40726098005868,1.45826277618899,0
2026-02-10 00:00:00,62.13426636420738,3.115895139622954,0
2026-02-10 01:00:00,60.9828642984262,2.6539800298150817,0
2026-02-10 02:00:00,44.4233565018072,1.3691890634788937,0
2026-02-10 03:00:00,58.84808008424906,3.455525362163603,0
2026-02-10 04:00:00,66.62019803159566,3.409431185007284,0
2026-02-10 05:00:00,50.66300788710732,1.5367320111059728,0
2026-02-10 06:00:00,56.50151253963874,2.8212707376563895,0
2026-02-10 07:00:00,64.85567766079612,1.219585815710399,0
2026-02-10 08:00:00,42.99920661827087,2.364242084266856,0
2026-02-10 09:00:00,40.74466929417466,2.0740586770738823,0
2026-02-10 10:00:00,49.97519368055677,1.824909943758787,0
2026-02-10 11:00:00,40.396048640287624,3.847904519837412,0
2026-02-10 12:00:00,52.734974391926826,1.580069561126892,0
2026-02-10 13:00:00,62.77450668168153,3.9028820887927616,0
2026-02-10 14:00:00,63.904744706572465,2.9055404953809907,0
2026-02-10 15:00:00,68.83938461718054,3.6968289474861176,0
2026-02-10 16:00:00,41.57132536852596,1.6016065737275933,0
2026-02-10 17:00:00,42.514434622079634,2.328490501505142,0
2026-02-10 18:00:00,63.3662736050675,1.1988464006351838,0
2026-02-10 19:00:00,53.52857138628609,2.545390428319508,0
2026-02-10 20:00:00,53.126111501182734,2.5334460183951886,0
2026-02-10 21:00:00,66.28070266438839,2.7481275619315024,0
2026-02-10 22:00:00,53.422640612222935,2.407424796414742,0
2026-02-10 23:00:00,56.066886962302576,1.2319141146205128,0
2026-02-11 00:00:00,59.91403109648613,2.7883278820584017,0
2026-02-11 01:00:00,68.84676201474906,1.4811307434981411,0
2026-02-11 02:00:00,40.67028416483089,2.136540438408886,0
2026-02-11 03:00:00,68.53250961885594,1.8820064545501651,0
2026-02-11 04:00:00,67.56346878787151,2.4660440686259157,0
2026-02-11 05:00:00,40.978885863787866,2.6136710319718324,0
2026-02-11 06:00:00,57.46023302139547,3.1570651258836797,0
2026-02-11 07:00:00,52.54572508086912,1.9493263289738518,0
2026-02-11 08:00:00,44.55521306177703,1.9303671473460275,0
2026-02-11 09:00:00,42.98528795202991,2.55378132093719,0
2026-02-11 10:00:00,53.95761755204639,3.2513758983646817,0
2026-02-11 11:00:00,48.534684309459685,3.5096389336095752,0
2026-02-11 12:00:00,50.4007595955982,1.2307217236257775,0
2026-02-11 13:00:00,58.33387555706227,3.248251418076113,0
2026-02-11 14:00:00,42.75245227767707,3.9364283112362175,0
2026-02-11 15:00:00,60.71626351462423,2.0287080173288996,0
